accuracy,precision,recall,f1,cohen_kappa,test_subject,n_train_trials,n_test_trials
0.6444444444444445,0.59375,0.8636363636363636,0.7037037037037037,0.2954990215264187,S001,810,90
0.7333333333333333,0.7560975609756098,0.6888888888888889,0.7209302325581395,0.4666666666666667,S002,810,90
0.5111111111111111,1.0,0.043478260869565216,0.08333333333333333,0.04255319148936154,S003,810,90
0.5666666666666667,0.5441176470588235,0.8222222222222222,0.6548672566371682,0.1333333333333333,S004,810,90
0.5222222222222223,0.5222222222222223,1.0,0.6861313868613139,0.0,S005,810,90
0.4777777777777778,0.4772727272727273,0.4666666666666667,0.47191011235955055,-0.04444444444444451,S006,810,90
0.7444444444444445,0.8888888888888888,0.5454545454545454,0.676056338028169,0.4843049327354261,S007,810,90
0.6444444444444445,1.0,0.3191489361702128,0.4838709677419355,0.3093525179856115,S008,810,90
0.5111111111111111,0.48936170212765956,0.5348837209302325,0.5111111111111111,0.02414982750123218,S009,810,90
0.6333333333333333,0.5797101449275363,0.9090909090909091,0.7079646017699115,0.2752562225475842,S010,810,90
