accuracy,precision,recall,f1,cohen_kappa,test_subject,n_train_trials,n_val_trials,n_test_trials
0.6444444444444445,0.7727272727272727,0.38636363636363635,0.5151515151515151,0.28071928071928076,S001,648,162,90
0.5111111111111111,0.5142857142857142,0.4,0.45,0.022222222222222254,S002,648,162,90
0.5444444444444444,0.5555555555555556,0.5434782608695652,0.5494505494505495,0.0888888888888889,S003,648,162,90
0.6,0.6216216216216216,0.5111111111111111,0.5609756097560976,0.19999999999999996,S004,648,162,90
0.5111111111111111,0.5294117647058824,0.574468085106383,0.5510204081632653,0.016393442622950838,S005,648,162,90
0.5333333333333333,1.0,0.06666666666666667,0.125,0.06666666666666665,S006,648,162,90
0.5666666666666667,0.5454545454545454,0.6818181818181818,0.6060606060606061,0.13759213759213762,S007,648,162,90
0.6444444444444445,0.6744186046511628,0.6170212765957447,0.6444444444444445,0.2902907836372597,S008,648,162,90
0.6,0.5897435897435898,0.5348837209302325,0.5609756097560976,0.19523099850968706,S009,648,162,90
0.7777777777777778,0.7857142857142857,0.75,0.7674418604651163,0.5548961424332344,S010,648,162,90
