accuracy,precision,recall,f1,cohen_kappa,test_subject,val_subject,n_train_trials,n_val_trials,n_test_trials
0.6888888888888889,0.8333333333333334,0.45454545454545453,0.5882352941176471,0.37125748502994005,S001,S010,720,90,90
0.5888888888888889,0.8333333333333334,0.2222222222222222,0.3508771929824561,0.1777777777777778,S002,S010,720,90,90
0.5555555555555556,0.75,0.1956521739130435,0.3103448275862069,0.12536443148688048,S003,S010,720,90,90
0.5555555555555556,0.8571428571428571,0.13333333333333333,0.23076923076923078,0.11111111111111116,S004,S010,720,90,90
0.5111111111111111,0.8,0.0851063829787234,0.15384615384615385,0.05938242280285022,S005,S010,720,90,90
0.5111111111111111,1.0,0.022222222222222223,0.043478260869565216,0.022222222222222254,S006,S010,720,90,90
0.5444444444444444,0.5319148936170213,0.5681818181818182,0.5494505494505495,0.08978786383818449,S007,S010,720,90,90
0.5,0.5384615384615384,0.2978723404255319,0.3835616438356164,0.01841977702375186,S008,S010,720,90,90
0.5222222222222223,0.0,0.0,0.0,0.0,S009,S010,720,90,90
0.5555555555555556,0.5526315789473685,0.4772727272727273,0.5121951219512195,0.10802775024777,S010,S009,720,90,90
